"Date","DryBulb","RelHum"
"2016-07-01 00:00:00.0",27.2,90
"2016-07-01 00:05:00.0",25.8,90
"2016-07-01 00:10:00.0",25.2,90
"2016-07-01 00:15:00.0",26.7,90
"2016-07-01 00:20:00.0",26.7,90
"2016-07-01 00:25:00.0",26.4,90
"2016-07-01 00:30:00.0",25.8,90
"2016-07-01 00:35:00.0",24.1,90
"2016-07-01 00:40:00.0",26.4,90
"2016-07-01 00:45:00.0",25.7,90
"2016-07-01 00:50:00.0",25.8,90
"2016-07-01 00:55:00.0",27.1,90
"2016-07-01 01:00:00.0",26.2,90
"2016-07-01 01:05:00.0",27.1,90
"2016-07-01 01:10:00.0",24.1,90
"2016-07-01 01:15:00.0",24.6,90
"2016-07-01 01:20:00.0",23.5,90
"2016-07-01 01:25:00.0",25.3,90
"2016-07-01 01:30:00.0",23.1,90
"2016-07-01 01:35:00.0",26.7,90
"2016-07-01 01:40:00.0",23.5,90
"2016-07-01 01:45:00.0",24.1,90
"2016-07-01 01:50:00.0",23.5,90
"2016-07-01 01:55:00.0",24.9,90
"2016-07-01 02:00:00.0",23.6,90
"2016-07-01 02:05:00.0",26.2,90
"2016-07-01 02:10:00.0",24.9,90
"2016-07-01 02:15:00.0",25.5,90
"2016-07-01 02:20:00.0",25,90
"2016-07-01 02:25:00.0",23.8,90
"2016-07-01 02:30:00.0",23.2,90
"2016-07-01 02:35:00.0",24,90
"2016-07-01 02:40:00.0",25,90
"2016-07-01 02:45:00.0",25.4,90
"2016-07-01 02:50:00.0",22.7,90
"2016-07-01 02:55:00.0",22.7,90
"2016-07-01 03:00:00.0",25.4,90
"2016-07-01 03:05:00.0",22.6,90
"2016-07-01 03:10:00.0",25.8,90
"2016-07-01 03:15:00.0",24.5,90
"2016-07-01 03:20:00.0",22.7,90
"2016-07-01 03:25:00.0",25.3,90
"2016-07-01 03:30:00.0",24.6,90
"2016-07-01 03:35:00.0",25.8,90
"2016-07-01 03:40:00.0",22.5,90
"2016-07-01 03:45:00.0",25,90
"2016-07-01 03:50:00.0",25.5,90
"2016-07-01 03:55:00.0",23.7,90
"2016-07-01 04:00:00.0",23.4,90
"2016-07-01 04:05:00.0",24.7,90
"2016-07-01 04:10:00.0",25.6,90
"2016-07-01 04:15:00.0",24.8,90
"2016-07-01 04:20:00.0",23.7,90
"2016-07-01 04:25:00.0",24.1,90
"2016-07-01 04:30:00.0",23.8,90
"2016-07-01 04:35:00.0",24.7,90
"2016-07-01 04:40:00.0",23.2,90
"2016-07-01 04:45:00.0",23,90
"2016-07-01 04:50:00.0",24.8,90
"2016-07-01 04:55:00.0",23.6,90
"2016-07-01 05:00:00.0",24.5,90
"2016-07-01 05:05:00.0",22.8,90
"2016-07-01 05:10:00.0",25.1,90
"2016-07-01 05:15:00.0",21.6,90
"2016-07-01 05:20:00.0",22.8,90
"2016-07-01 05:25:00.0",22.1,90
"2016-07-01 05:30:00.0",22.4,90
"2016-07-01 05:35:00.0",25.2,90
"2016-07-01 05:40:00.0",22,90
"2016-07-01 05:45:00.0",22.8,90
"2016-07-01 05:50:00.0",24.9,90
"2016-07-01 05:55:00.0",24.2,90
"2016-07-01 06:00:00.0",25.5,73
"2016-07-01 06:05:00.0",22.1,73
"2016-07-01 06:10:00.0",24.3,73
"2016-07-01 06:15:00.0",25.3,77
"2016-07-01 06:20:00.0",22.3,73
"2016-07-01 06:25:00.0",25.8,78
"2016-07-01 06:30:00.0",24.2,79
"2016-07-01 06:35:00.0",25,77
"2016-07-01 06:40:00.0",24.5,77
"2016-07-01 06:45:00.0",22.6,77
"2016-07-01 06:50:00.0",24.6,73
"2016-07-01 06:55:00.0",22.1,73
"2016-07-01 07:00:00.0",22.2,74
"2016-07-01 07:05:00.0",25.6,73
"2016-07-01 07:10:00.0",23.2,76
"2016-07-01 07:15:00.0",24.7,79
"2016-07-01 07:20:00.0",24,77
"2016-07-01 07:25:00.0",22.6,71
"2016-07-01 07:30:00.0",22.4,77
"2016-07-01 07:35:00.0",23.8,75
"2016-07-01 07:40:00.0",26,74
"2016-07-01 07:45:00.0",24.8,66
"2016-07-01 07:50:00.0",23.4,74
"2016-07-01 07:55:00.0",24.1,66
"2016-07-01 08:00:00.0",23.4,66
"2016-07-01 08:05:00.0",26.3,65
"2016-07-01 08:10:00.0",26.9,65
"2016-07-01 08:15:00.0",26.9,67
"2016-07-01 08:20:00.0",25.1,67
"2016-07-01 08:25:00.0",26.8,63
"2016-07-01 08:30:00.0",25.5,65
"2016-07-01 08:35:00.0",27,61
"2016-07-01 08:40:00.0",23.8,67
"2016-07-01 08:45:00.0",24.2,68
"2016-07-01 08:50:00.0",26.2,69
"2016-07-01 08:55:00.0",25.8,61
"2016-07-01 09:00:00.0",26.5,65
"2016-07-01 09:05:00.0",27,60
"2016-07-01 09:10:00.0",27.4,61
"2016-07-01 09:15:00.0",25.1,67
"2016-07-01 09:20:00.0",26.1,68
"2016-07-01 09:25:00.0",24.9,72
"2016-07-01 09:30:00.0",27.3,69
"2016-07-01 09:35:00.0",24.3,64
"2016-07-01 09:40:00.0",25.8,64
"2016-07-01 09:45:00.0",27.7,67
"2016-07-01 09:50:00.0",26.7,75
"2016-07-01 09:55:00.0",27,68
"2016-07-01 10:00:00.0",25.6,73
"2016-07-01 10:05:00.0",24.7,72
"2016-07-01 10:10:00.0",26.1,72
"2016-07-01 10:15:00.0",24.7,76
"2016-07-01 10:20:00.0",24.9,69
"2016-07-01 10:25:00.0",26.8,72
"2016-07-01 10:30:00.0",24.3,76
"2016-07-01 10:35:00.0",26.4,83
"2016-07-01 10:40:00.0",27.1,80
"2016-07-01 10:45:00.0",25.4,74
"2016-07-01 10:50:00.0",26.6,78
"2016-07-01 10:55:00.0",27.6,80
"2016-07-01 11:00:00.0",24.3,75
"2016-07-01 11:05:00.0",27.4,83
"2016-07-01 11:10:00.0",23.6,87
"2016-07-01 11:15:00.0",27.3,87
"2016-07-01 11:20:00.0",26.1,90
"2016-07-01 11:25:00.0",25.3,90
"2016-07-01 11:30:00.0",27.5,85
"2016-07-01 11:35:00.0",25.1,86
"2016-07-01 11:40:00.0",27.7,82
"2016-07-01 11:45:00.0",26.1,88
"2016-07-01 11:50:00.0",24.8,86
"2016-07-01 11:55:00.0",26.4,83
"2016-07-01 12:00:00.0",24.1,86
"2016-07-01 12:05:00.0",25.8,90
"2016-07-01 12:10:00.0",26.3,82
"2016-07-01 12:15:00.0",28.3,83
"2016-07-01 12:20:00.0",25.5,80
"2016-07-01 12:25:00.0",28.7,84
"2016-07-01 12:30:00.0",26.9,81
"2016-07-01 12:35:00.0",24.6,85
"2016-07-01 12:40:00.0",26.6,83
"2016-07-01 12:45:00.0",25.2,84
"2016-07-01 12:50:00.0",25.7,85
"2016-07-01 12:55:00.0",24.6,84
"2016-07-01 13:00:00.0",28.5,76
"2016-07-01 13:05:00.0",26.6,73
"2016-07-01 13:10:00.0",26,74
"2016-07-01 13:15:00.0",26.7,75
"2016-07-01 13:20:00.0",28.1,72
"2016-07-01 13:25:00.0",27.9,77
"2016-07-01 13:30:00.0",26.9,70
"2016-07-01 13:35:00.0",27.5,80
"2016-07-01 13:40:00.0",26.5,80
"2016-07-01 13:45:00.0",27.3,74
"2016-07-01 13:50:00.0",26.6,73
"2016-07-01 13:55:00.0",27.1,72
"2016-07-01 14:00:00.0",28,70
"2016-07-01 14:05:00.0",26.6,72
"2016-07-01 14:10:00.0",28.9,70
"2016-07-01 14:15:00.0",29.3,71
"2016-07-01 14:20:00.0",27.1,65
"2016-07-01 14:25:00.0",26.8,66
"2016-07-01 14:30:00.0",28.1,63
"2016-07-01 14:35:00.0",30,67
"2016-07-01 14:40:00.0",27.4,60
"2016-07-01 14:45:00.0",27.3,69
"2016-07-01 14:50:00.0",30,64
"2016-07-01 14:55:00.0",29.5,58
"2016-07-01 15:00:00.0",27.8,61
"2016-07-01 15:05:00.0",27.5,59
"2016-07-01 15:10:00.0",30.1,58
"2016-07-01 15:15:00.0",28.4,59
"2016-07-01 15:20:00.0",28.2,56
"2016-07-01 15:25:00.0",28.1,54
"2016-07-01 15:30:00.0",29.9,62
"2016-07-01 15:35:00.0",30.5,56
"2016-07-01 15:40:00.0",30.2,59
"2016-07-01 15:45:00.0",30.7,56
"2016-07-01 15:50:00.0",28.2,56
"2016-07-01 15:55:00.0",27.8,51
"2016-07-01 16:00:00.0",29.2,54
"2016-07-01 16:05:00.0",30.3,56
"2016-07-01 16:10:00.0",29,55
"2016-07-01 16:15:00.0",30.1,57
"2016-07-01 16:20:00.0",29.1,56
"2016-07-01 16:25:00.0",29.5,51
"2016-07-01 16:30:00.0",31,54
"2016-07-01 16:35:00.0",29.3,57
"2016-07-01 16:40:00.0",27.9,51
"2016-07-01 16:45:00.0",30,59
"2016-07-01 16:50:00.0",28.9,57
"2016-07-01 16:55:00.0",29,61
"2016-07-01 17:00:00.0",27.8,58
"2016-07-01 17:05:00.0",30.8,60
"2016-07-01 17:10:00.0",28.4,55
"2016-07-01 17:15:00.0",31.2,54
"2016-07-01 17:20:00.0",29.9,57
"2016-07-01 17:25:00.0",28.5,57
"2016-07-01 17:30:00.0",30.9,63
"2016-07-01 17:35:00.0",30.2,61
"2016-07-01 17:40:00.0",27.4,56
"2016-07-01 17:45:00.0",29.3,57
"2016-07-01 17:50:00.0",28.5,59
"2016-07-01 17:55:00.0",30.1,57
"2016-07-01 18:00:00.0",26.9,61
"2016-07-01 18:05:00.0",27.3,63
"2016-07-01 18:10:00.0",28.4,60
"2016-07-01 18:15:00.0",27.7,58
"2016-07-01 18:20:00.0",29.1,65
"2016-07-01 18:25:00.0",28.3,60
"2016-07-01 18:30:00.0",26.9,61
"2016-07-01 18:35:00.0",28.2,59
"2016-07-01 18:40:00.0",27.9,57
"2016-07-01 18:45:00.0",26.9,60
"2016-07-01 18:50:00.0",28.2,61
"2016-07-01 18:55:00.0",28.9,64
"2016-07-01 19:00:00.0",30,62
"2016-07-01 19:05:00.0",30,66
"2016-07-01 19:10:00.0",29.2,66
"2016-07-01 19:15:00.0",29.8,61
"2016-07-01 19:20:00.0",26.5,69
"2016-07-01 19:25:00.0",29.1,71
"2016-07-01 19:30:00.0",26.9,68
"2016-07-01 19:35:00.0",27.3,69
"2016-07-01 19:40:00.0",26.6,70
"2016-07-01 19:45:00.0",28.5,73
"2016-07-01 19:50:00.0",28.7,74
"2016-07-01 19:55:00.0",26.7,68
"2016-07-01 20:00:00.0",26.6,75
"2016-07-01 20:05:00.0",26.5,72
"2016-07-01 20:10:00.0",29.1,73
"2016-07-01 20:15:00.0",28.6,80
"2016-07-01 20:20:00.0",25.5,78
"2016-07-01 20:25:00.0",26.2,71
"2016-07-01 20:30:00.0",26.6,69
"2016-07-01 20:35:00.0",28.6,72
"2016-07-01 20:40:00.0",28.3,78
"2016-07-01 20:45:00.0",27.8,83
"2016-07-01 20:50:00.0",28.7,84
"2016-07-01 20:55:00.0",27.5,79
"2016-07-01 21:00:00.0",28.4,85
"2016-07-01 21:05:00.0",25.8,86
"2016-07-01 21:10:00.0",26.8,88
"2016-07-01 21:15:00.0",25.6,90
"2016-07-01 21:20:00.0",25.7,89
"2016-07-01 21:25:00.0",26.1,88
"2016-07-01 21:30:00.0",27.5,89
"2016-07-01 21:35:00.0",24.9,88
"2016-07-01 21:40:00.0",25.3,83
"2016-07-01 21:45:00.0",25.4,90
"2016-07-01 21:50:00.0",25.2,76
"2016-07-01 21:55:00.0",27.2,80
"2016-07-01 22:00:00.0",23.8,75
"2016-07-01 22:05:00.0",23.8,77
"2016-07-01 22:10:00.0",24.9,77
"2016-07-01 22:15:00.0",26.2,85
"2016-07-01 22:20:00.0",25.3,86
"2016-07-01 22:25:00.0",23.8,88
"2016-07-01 22:30:00.0",25.4,79
"2016-07-01 22:35:00.0",25.5,83
"2016-07-01 22:40:00.0",26.4,88
"2016-07-01 22:45:00.0",24.4,84
"2016-07-01 22:50:00.0",23.4,85
"2016-07-01 22:55:00.0",23.6,90
"2016-07-01 23:00:00.0",23.3,90
"2016-07-01 23:05:00.0",26.3,90
"2016-07-01 23:10:00.0",24,86
"2016-07-01 23:15:00.0",24.3,84
"2016-07-01 23:20:00.0",25.9,85
"2016-07-01 23:25:00.0",23.5,90
"2016-07-01 23:30:00.0",23.2,90
"2016-07-01 23:35:00.0",23,86
"2016-07-01 23:40:00.0",26.2,90
"2016-07-01 23:45:00.0",22.7,86
"2016-07-01 23:50:00.0",23.5,90
"2016-07-01 23:55:00.0",26.4,89
"2016-07-02 00:00:00.0",24.5,89
"2016-07-02 00:05:00.0",26.5,90
"2016-07-02 00:10:00.0",25.4,90
"2016-07-02 00:15:00.0",23,90
"2016-07-02 00:20:00.0",23.8,90
"2016-07-02 00:25:00.0",26.1,90
"2016-07-02 00:30:00.0",26.4,90
"2016-07-02 00:35:00.0",25.9,90
"2016-07-02 00:40:00.0",25.5,90
"2016-07-02 00:45:00.0",26.3,90
"2016-07-02 00:50:00.0",23.2,90
"2016-07-02 00:55:00.0",25.8,90
"2016-07-02 01:00:00.0",23.8,90
"2016-07-02 01:05:00.0",23.4,90
"2016-07-02 01:10:00.0",23.6,90
"2016-07-02 01:15:00.0",26,90
"2016-07-02 01:20:00.0",24.2,90
"2016-07-02 01:25:00.0",23.5,90
"2016-07-02 01:30:00.0",23.5,90
"2016-07-02 01:35:00.0",24.5,90
"2016-07-02 01:40:00.0",24.8,90
"2016-07-02 01:45:00.0",22.3,90
"2016-07-02 01:50:00.0",22.7,90
"2016-07-02 01:55:00.0",23.7,90
"2016-07-02 02:00:00.0",23.1,90
"2016-07-02 02:05:00.0",24.1,90
"2016-07-02 02:10:00.0",23.5,90
"2016-07-02 02:15:00.0",25.7,90
"2016-07-02 02:20:00.0",22.7,90
"2016-07-02 02:25:00.0",22.3,90
"2016-07-02 02:30:00.0",22.5,90
"2016-07-02 02:35:00.0",24.9,90
"2016-07-02 02:40:00.0",24,90
"2016-07-02 02:45:00.0",23.7,90
"2016-07-02 02:50:00.0",22.8,90
"2016-07-02 02:55:00.0",25,90
"2016-07-02 03:00:00.0",23.5,90
"2016-07-02 03:05:00.0",24.8,90
"2016-07-02 03:10:00.0",24.5,90
"2016-07-02 03:15:00.0",23.5,90
"2016-07-02 03:20:00.0",23.3,90
"2016-07-02 03:25:00.0",25.7,90
"2016-07-02 03:30:00.0",23.4,90
"2016-07-02 03:35:00.0",23.4,90
"2016-07-02 03:40:00.0",22.3,90
"2016-07-02 03:45:00.0",22.3,90
"2016-07-02 03:50:00.0",25.1,90
"2016-07-02 03:55:00.0",23.3,90
"2016-07-02 04:00:00.0",23.5,90
"2016-07-02 04:05:00.0",24.8,90
"2016-07-02 04:10:00.0",22,90
"2016-07-02 04:15:00.0",24.7,90
"2016-07-02 04:20:00.0",23.4,90
"2016-07-02 04:25:00.0",22.8,90
"2016-07-02 04:30:00.0",25.4,90
"2016-07-02 04:35:00.0",22,90
"2016-07-02 04:40:00.0",23.6,90
"2016-07-02 04:45:00.0",22,90
"2016-07-02 04:50:00.0",23.7,90
"2016-07-02 04:55:00.0",21.7,90
"2016-07-02 05:00:00.0",22.1,90
"2016-07-02 05:05:00.0",24.9,90
"2016-07-02 05:10:00.0",20.9,90
"2016-07-02 05:15:00.0",21.8,90
"2016-07-02 05:20:00.0",23.8,90
"2016-07-02 05:25:00.0",22.3,90
"2016-07-02 05:30:00.0",22.6,90
"2016-07-02 05:35:00.0",20.7,90
"2016-07-02 05:40:00.0",22.2,90
"2016-07-02 05:45:00.0",21.1,90
"2016-07-02 05:50:00.0",22,90
"2016-07-02 05:55:00.0",24.6,90
"2016-07-02 06:00:00.0",23.7,90
"2016-07-02 06:05:00.0",24.4,90
"2016-07-02 06:10:00.0",22.7,90
"2016-07-02 06:15:00.0",23.3,90
"2016-07-02 06:20:00.0",21.9,90
"2016-07-02 06:25:00.0",23.9,90
"2016-07-02 06:30:00.0",22.2,90
"2016-07-02 06:35:00.0",23.5,90
"2016-07-02 06:40:00.0",22.3,90
"2016-07-02 06:45:00.0",22.5,90
"2016-07-02 06:50:00.0",25.3,90
"2016-07-02 06:55:00.0",24.7,90
"2016-07-02 07:00:00.0",25.4,90
"2016-07-02 07:05:00.0",22.1,90
"2016-07-02 07:10:00.0",24.1,90
"2016-07-02 07:15:00.0",23.9,90
"2016-07-02 07:20:00.0",22.1,90
"2016-07-02 07:25:00.0",24.2,90
"2016-07-02 07:30:00.0",24.2,90
"2016-07-02 07:35:00.0",22.9,90
"2016-07-02 07:40:00.0",24,90
"2016-07-02 07:45:00.0",22.3,90
"2016-07-02 07:50:00.0",22.1,81
"2016-07-02 07:55:00.0",25.7,82
"2016-07-02 08:00:00.0",24.9,77
"2016-07-02 08:05:00.0",24.7,84
"2016-07-02 08:10:00.0",24.6,74
"2016-07-02 08:15:00.0",25.9,79
"2016-07-02 08:20:00.0",24.4,80
"2016-07-02 08:25:00.0",25.5,80
"2016-07-02 08:30:00.0",25.7,79
"2016-07-02 08:35:00.0",26.2,84
"2016-07-02 08:40:00.0",25.9,82
"2016-07-02 08:45:00.0",27.3,82
"2016-07-02 08:50:00.0",26.3,84
"2016-07-02 08:55:00.0",27.4,86
"2016-07-02 09:00:00.0",25.1,85
"2016-07-02 09:05:00.0",25.5,86
"2016-07-02 09:10:00.0",27.9,85
"2016-07-02 09:15:00.0",26.8,84
"2016-07-02 09:20:00.0",27.6,87
"2016-07-02 09:25:00.0",25,80
"2016-07-02 09:30:00.0",27.1,86
"2016-07-02 09:35:00.0",26.4,85
"2016-07-02 09:40:00.0",25.5,81
"2016-07-02 09:45:00.0",26.4,81
"2016-07-02 09:50:00.0",26.9,77
"2016-07-02 09:55:00.0",25.7,79
"2016-07-02 10:00:00.0",27.6,78
"2016-07-02 10:05:00.0",27.9,74
"2016-07-02 10:10:00.0",26.6,72
"2016-07-02 10:15:00.0",28.5,79
"2016-07-02 10:20:00.0",29.3,77
"2016-07-02 10:25:00.0",26.7,78
"2016-07-02 10:30:00.0",27.7,74
"2016-07-02 10:35:00.0",29,71
"2016-07-02 10:40:00.0",26.2,72
"2016-07-02 10:45:00.0",27.9,75
"2016-07-02 10:50:00.0",28.4,72
"2016-07-02 10:55:00.0",29.9,74
"2016-07-02 11:00:00.0",27.5,66
"2016-07-02 11:05:00.0",27.7,63
"2016-07-02 11:10:00.0",30,70
"2016-07-02 11:15:00.0",30.3,68
"2016-07-02 11:20:00.0",29.3,65
"2016-07-02 11:25:00.0",31.2,68
"2016-07-02 11:30:00.0",30.1,63
"2016-07-02 11:35:00.0",30.2,71
"2016-07-02 11:40:00.0",31.6,61
"2016-07-02 11:45:00.0",29.4,63
"2016-07-02 11:50:00.0",29.8,66
"2016-07-02 11:55:00.0",30.7,59
"2016-07-02 12:00:00.0",28.3,65
"2016-07-02 12:05:00.0",31,62
"2016-07-02 12:10:00.0",29.6,63
"2016-07-02 12:15:00.0",29.6,64
"2016-07-02 12:20:00.0",30.4,60
"2016-07-02 12:25:00.0",29.9,68
"2016-07-02 12:30:00.0",30.7,60
"2016-07-02 12:35:00.0",29.2,56
"2016-07-02 12:40:00.0",30.7,59
"2016-07-02 12:45:00.0",28.8,59
"2016-07-02 12:50:00.0",30.1,55
"2016-07-02 12:55:00.0",31.4,61
"2016-07-02 13:00:00.0",32,57
"2016-07-02 13:05:00.0",29,56
"2016-07-02 13:10:00.0",29.9,52
"2016-07-02 13:15:00.0",32,56
"2016-07-02 13:20:00.0",32.3,55
"2016-07-02 13:25:00.0",32.7,49
"2016-07-02 13:30:00.0",30.8,49
"2016-07-02 13:35:00.0",30.4,47
"2016-07-02 13:40:00.0",29.7,57
"2016-07-02 13:45:00.0",31.4,55
"2016-07-02 13:50:00.0",31.5,50
"2016-07-02 13:55:00.0",28.6,53
"2016-07-02 14:00:00.0",30.7,48
"2016-07-02 14:05:00.0",32,49
"2016-07-02 14:10:00.0",32.3,49
"2016-07-02 14:15:00.0",29.9,48
"2016-07-02 14:20:00.0",32.4,52
"2016-07-02 14:25:00.0",30.9,54
"2016-07-02 14:30:00.0",31.3,56
"2016-07-02 14:35:00.0",31.4,53
"2016-07-02 14:40:00.0",31.5,55
"2016-07-02 14:45:00.0",31.8,50
"2016-07-02 14:50:00.0",29.9,55
"2016-07-02 14:55:00.0",33.6,51
"2016-07-02 15:00:00.0",30.8,60
"2016-07-02 15:05:00.0",30.2,54
"2016-07-02 15:10:00.0",30.9,54
"2016-07-02 15:15:00.0",32,56
"2016-07-02 15:20:00.0",31.1,62
"2016-07-02 15:25:00.0",31.9,58
"2016-07-02 15:30:00.0",31.2,62
"2016-07-02 15:35:00.0",32.4,58
"2016-07-02 15:40:00.0",32.3,53
"2016-07-02 15:45:00.0",30.3,57
"2016-07-02 15:50:00.0",29.2,56
"2016-07-02 15:55:00.0",30.8,60
"2016-07-02 16:00:00.0",28.8,56
"2016-07-02 16:05:00.0",31.5,59
"2016-07-02 16:10:00.0",31.4,60
"2016-07-02 16:15:00.0",29.6,59
"2016-07-02 16:20:00.0",32.7,52
"2016-07-02 16:25:00.0",29.9,53
"2016-07-02 16:30:00.0",32.9,53
"2016-07-02 16:35:00.0",32,54
"2016-07-02 16:40:00.0",31.5,57
"2016-07-02 16:45:00.0",31.7,52
"2016-07-02 16:50:00.0",30.8,51
"2016-07-02 16:55:00.0",31.3,60
"2016-07-02 17:00:00.0",30.4,57
"2016-07-02 17:05:00.0",30.9,59
"2016-07-02 17:10:00.0",30.9,53
"2016-07-02 17:15:00.0",29.9,52
"2016-07-02 17:20:00.0",29.8,54
"2016-07-02 17:25:00.0",28.8,55
"2016-07-02 17:30:00.0",30.7,59
"2016-07-02 17:35:00.0",30.6,58
"2016-07-02 17:40:00.0",32.4,59
"2016-07-02 17:45:00.0",31.2,60
"2016-07-02 17:50:00.0",28.4,61
"2016-07-02 17:55:00.0",29,52
"2016-07-02 18:00:00.0",31.5,57
"2016-07-02 18:05:00.0",29,53
"2016-07-02 18:10:00.0",30.9,53
"2016-07-02 18:15:00.0",29.9,56
"2016-07-02 18:20:00.0",29.9,55
"2016-07-02 18:25:00.0",30.6,55
"2016-07-02 18:30:00.0",30.7,54
"2016-07-02 18:35:00.0",31.1,63
"2016-07-02 18:40:00.0",27.7,59
"2016-07-02 18:45:00.0",27.8,62
"2016-07-02 18:50:00.0",30.4,60
"2016-07-02 18:55:00.0",30.3,62
"2016-07-02 19:00:00.0",29.4,62
"2016-07-02 19:05:00.0",31.1,65
"2016-07-02 19:10:00.0",27,62
"2016-07-02 19:15:00.0",27.5,61
"2016-07-02 19:20:00.0",28.6,68
"2016-07-02 19:25:00.0",29.3,62
"2016-07-02 19:30:00.0",29.4,63
"2016-07-02 19:35:00.0",28.1,67
"2016-07-02 19:40:00.0",26.9,72
"2016-07-02 19:45:00.0",27.5,69
"2016-07-02 19:50:00.0",26.8,71
"2016-07-02 19:55:00.0",26.3,66
"2016-07-02 20:00:00.0",26.8,68
"2016-07-02 20:05:00.0",29.6,72
"2016-07-02 20:10:00.0",27.9,72
"2016-07-02 20:15:00.0",27.6,75
"2016-07-02 20:20:00.0",28.3,66
"2016-07-02 20:25:00.0",28.9,65
"2016-07-02 20:30:00.0",27,73
"2016-07-02 20:35:00.0",28,71
"2016-07-02 20:40:00.0",27.5,76
"2016-07-02 20:45:00.0",29.3,74
"2016-07-02 20:50:00.0",28.5,71
"2016-07-02 20:55:00.0",26.4,78
"2016-07-02 21:00:00.0",25.3,74
"2016-07-02 21:05:00.0",25.2,73
"2016-07-02 21:10:00.0",27.8,79
"2016-07-02 21:15:00.0",25.2,76
"2016-07-02 21:20:00.0",26.9,77
"2016-07-02 21:25:00.0",28.5,79
"2016-07-02 21:30:00.0",28.4,82
"2016-07-02 21:35:00.0",27.9,83
"2016-07-02 21:40:00.0",25,80
"2016-07-02 21:45:00.0",27.5,82
"2016-07-02 21:50:00.0",25.2,83
"2016-07-02 21:55:00.0",26.7,84
"2016-07-02 22:00:00.0",25.9,80
"2016-07-02 22:05:00.0",27.9,87
"2016-07-02 22:10:00.0",27.4,81
"2016-07-02 22:15:00.0",26.3,83
"2016-07-02 22:20:00.0",24.1,81
"2016-07-02 22:25:00.0",24.5,83
"2016-07-02 22:30:00.0",24.5,82
"2016-07-02 22:35:00.0",26.5,83
"2016-07-02 22:40:00.0",27.2,81
"2016-07-02 22:45:00.0",26.2,80
"2016-07-02 22:50:00.0",25.6,82
"2016-07-02 22:55:00.0",24.5,84
"2016-07-02 23:00:00.0",25.4,88
"2016-07-02 23:05:00.0",26.9,80
"2016-07-02 23:10:00.0",24,84
"2016-07-02 23:15:00.0",25.5,90
"2016-07-02 23:20:00.0",24.8,90
"2016-07-02 23:25:00.0",25.5,90
"2016-07-02 23:30:00.0",24.9,86
"2016-07-02 23:35:00.0",26,89
"2016-07-02 23:40:00.0",27.4,90
"2016-07-02 23:45:00.0",26.6,86
"2016-07-02 23:50:00.0",24.4,90
"2016-07-02 23:55:00.0",27.2,90
"2016-07-03 00:00:00.0",25.8,88
"2016-07-03 00:05:00.0",25.8,90
"2016-07-03 00:10:00.0",24.4,90
"2016-07-03 00:15:00.0",23.4,90
"2016-07-03 00:20:00.0",23.2,90
"2016-07-03 00:25:00.0",26.2,90
"2016-07-03 00:30:00.0",26.2,90
"2016-07-03 00:35:00.0",24.3,90
"2016-07-03 00:40:00.0",25.4,90
"2016-07-03 00:45:00.0",25.4,90
"2016-07-03 00:50:00.0",25.1,90
"2016-07-03 00:55:00.0",26.1,90
"2016-07-03 01:00:00.0",23.6,90
"2016-07-03 01:05:00.0",26.1,90
"2016-07-03 01:10:00.0",23.2,90
"2016-07-03 01:15:00.0",23.3,90
"2016-07-03 01:20:00.0",23.5,90
"2016-07-03 01:25:00.0",25.3,90
"2016-07-03 01:30:00.0",23.1,90
"2016-07-03 01:35:00.0",23.1,90
"2016-07-03 01:40:00.0",22.7,90
"2016-07-03 01:45:00.0",25.6,90
"2016-07-03 01:50:00.0",24.1,90
"2016-07-03 01:55:00.0",22.6,90
"2016-07-03 02:00:00.0",22.6,90
"2016-07-03 02:05:00.0",23.4,90
"2016-07-03 02:10:00.0",22.7,90
"2016-07-03 02:15:00.0",23.8,90
"2016-07-03 02:20:00.0",23.3,90
"2016-07-03 02:25:00.0",25.6,90
"2016-07-03 02:30:00.0",22.3,90
"2016-07-03 02:35:00.0",23.4,90
"2016-07-03 02:40:00.0",25.6,90
"2016-07-03 02:45:00.0",23,90
"2016-07-03 02:50:00.0",21.8,90
"2016-07-03 02:55:00.0",21.8,90
"2016-07-03 03:00:00.0",22.8,90
"2016-07-03 03:05:00.0",23.2,90
"2016-07-03 03:10:00.0",23.7,90
"2016-07-03 03:15:00.0",22.9,90
"2016-07-03 03:20:00.0",23.2,90
"2016-07-03 03:25:00.0",25,90
"2016-07-03 03:30:00.0",22.9,90
"2016-07-03 03:35:00.0",23.1,90
"2016-07-03 03:40:00.0",24.8,90
"2016-07-03 03:45:00.0",23.3,90
"2016-07-03 03:50:00.0",24.4,90
"2016-07-03 03:55:00.0",22.2,90
"2016-07-03 04:00:00.0",23.4,90
"2016-07-03 04:05:00.0",21.4,90
"2016-07-03 04:10:00.0",22.4,90
"2016-07-03 04:15:00.0",24.1,90
"2016-07-03 04:20:00.0",23.6,90
"2016-07-03 04:25:00.0",23.2,90
"2016-07-03 04:30:00.0",23.6,90
"2016-07-03 04:35:00.0",21.3,90
"2016-07-03 04:40:00.0",23.2,90
"2016-07-03 04:45:00.0",21.9,90
"2016-07-03 04:50:00.0",21.2,90
"2016-07-03 04:55:00.0",20.5,90
"2016-07-03 05:00:00.0",24.2,90
"2016-07-03 05:05:00.0",23.1,90
"2016-07-03 05:10:00.0",20.6,90
"2016-07-03 05:15:00.0",20.8,90
"2016-07-03 05:20:00.0",21.7,90
"2016-07-03 05:25:00.0",23.1,90
"2016-07-03 05:30:00.0",24.1,90
"2016-07-03 05:35:00.0",23,90
"2016-07-03 05:40:00.0",20.5,90
"2016-07-03 05:45:00.0",21.9,90
"2016-07-03 05:50:00.0",24.3,90
"2016-07-03 05:55:00.0",22,90
"2016-07-03 06:00:00.0",22.3,90
"2016-07-03 06:05:00.0",22.7,90
"2016-07-03 06:10:00.0",21.1,90
"2016-07-03 06:15:00.0",22.6,90
"2016-07-03 06:20:00.0",21.2,90
"2016-07-03 06:25:00.0",22.3,90
"2016-07-03 06:30:00.0",24,90
"2016-07-03 06:35:00.0",23.9,90
"2016-07-03 06:40:00.0",22.3,90
"2016-07-03 06:45:00.0",23.7,90
"2016-07-03 06:50:00.0",23.9,90
"2016-07-03 06:55:00.0",22.8,90
"2016-07-03 07:00:00.0",22.1,90
"2016-07-03 07:05:00.0",22.2,90
"2016-07-03 07:10:00.0",21.9,90
"2016-07-03 07:15:00.0",24.2,90
"2016-07-03 07:20:00.0",24.9,90
"2016-07-03 07:25:00.0",23.4,90
"2016-07-03 07:30:00.0",23,90
"2016-07-03 07:35:00.0",24.6,90
"2016-07-03 07:40:00.0",26.1,90
"2016-07-03 07:45:00.0",25.2,90
"2016-07-03 07:50:00.0",24.5,90
"2016-07-03 07:55:00.0",23.9,90
"2016-07-03 08:00:00.0",24.4,90
"2016-07-03 08:05:00.0",24.6,90
"2016-07-03 08:10:00.0",25.9,90
"2016-07-03 08:15:00.0",24.4,90
"2016-07-03 08:20:00.0",26.3,88
"2016-07-03 08:25:00.0",27.6,90
"2016-07-03 08:30:00.0",28,90
"2016-07-03 08:35:00.0",27.4,90
"2016-07-03 08:40:00.0",25.3,90
"2016-07-03 08:45:00.0",23.5,90
"2016-07-03 08:50:00.0",25.8,88
"2016-07-03 08:55:00.0",24.9,84
"2016-07-03 09:00:00.0",26.7,80
"2016-07-03 09:05:00.0",25.3,85
"2016-07-03 09:10:00.0",28.7,79
"2016-07-03 09:15:00.0",25.8,74
"2016-07-03 09:20:00.0",27.2,75
"2016-07-03 09:25:00.0",27.3,72
"2016-07-03 09:30:00.0",29.1,66
"2016-07-03 09:35:00.0",29,72
"2016-07-03 09:40:00.0",25.5,76
"2016-07-03 09:45:00.0",26.5,70
"2016-07-03 09:50:00.0",26.4,80
"2016-07-03 09:55:00.0",25.8,73
"2016-07-03 10:00:00.0",29.5,69
"2016-07-03 10:05:00.0",25.6,72
"2016-07-03 10:10:00.0",29,66
"2016-07-03 10:15:00.0",29,67
"2016-07-03 10:20:00.0",28.1,62
"2016-07-03 10:25:00.0",27.7,64
"2016-07-03 10:30:00.0",26.6,67
"2016-07-03 10:35:00.0",28.6,61
"2016-07-03 10:40:00.0",28.9,66
"2016-07-03 10:45:00.0",29.5,67
"2016-07-03 10:50:00.0",29.2,61
"2016-07-03 10:55:00.0",29.3,60
"2016-07-03 11:00:00.0",29.6,62
"2016-07-03 11:05:00.0",26.5,62
"2016-07-03 11:10:00.0",29.3,64
"2016-07-03 11:15:00.0",27.8,63
"2016-07-03 11:20:00.0",29,57
"2016-07-03 11:25:00.0",29.6,62
"2016-07-03 11:30:00.0",28.5,56
"2016-07-03 11:35:00.0",26.6,58
"2016-07-03 11:40:00.0",31.4,58
"2016-07-03 11:45:00.0",31.2,59
"2016-07-03 11:50:00.0",28.8,56
"2016-07-03 11:55:00.0",28.9,59
"2016-07-03 12:00:00.0",30.2,52
"2016-07-03 12:05:00.0",31.4,58
"2016-07-03 12:10:00.0",28.4,51
"2016-07-03 12:15:00.0",27.8,53
"2016-07-03 12:20:00.0",27.7,55
"2016-07-03 12:25:00.0",30.8,56
"2016-07-03 12:30:00.0",28,56
"2016-07-03 12:35:00.0",29.5,51
"2016-07-03 12:40:00.0",30.8,50
"2016-07-03 12:45:00.0",31.7,48
"2016-07-03 12:50:00.0",28.6,47
"2016-07-03 12:55:00.0",28.8,53
"2016-07-03 13:00:00.0",31,55
"2016-07-03 13:05:00.0",28.8,50
"2016-07-03 13:10:00.0",31.5,52
"2016-07-03 13:15:00.0",31.6,54
"2016-07-03 13:20:00.0",30.3,49
"2016-07-03 13:25:00.0",28.4,45
"2016-07-03 13:30:00.0",28.9,50
"2016-07-03 13:35:00.0",30.1,47
"2016-07-03 13:40:00.0",31.6,52
"2016-07-03 13:45:00.0",31.5,53
"2016-07-03 13:50:00.0",28.9,53
"2016-07-03 13:55:00.0",32.1,51
"2016-07-03 14:00:00.0",30.6,47
"2016-07-03 14:05:00.0",30.8,48
"2016-07-03 14:10:00.0",28.6,48
"2016-07-03 14:15:00.0",30.8,49
"2016-07-03 14:20:00.0",30.9,55
"2016-07-03 14:25:00.0",31.3,49
"2016-07-03 14:30:00.0",28.7,52
"2016-07-03 14:35:00.0",30.9,52
"2016-07-03 14:40:00.0",30,46
"2016-07-03 14:45:00.0",31.9,49
"2016-07-03 14:50:00.0",30.5,49
"2016-07-03 14:55:00.0",31.3,52
"2016-07-03 15:00:00.0",29.6,50
"2016-07-03 15:05:00.0",31.9,52
"2016-07-03 15:10:00.0",29,52
"2016-07-03 15:15:00.0",28.3,53
"2016-07-03 15:20:00.0",30.4,53
"2016-07-03 15:25:00.0",29.4,52
"2016-07-03 15:30:00.0",29.6,52
"2016-07-03 15:35:00.0",29.6,48
"2016-07-03 15:40:00.0",28.7,51
"2016-07-03 15:45:00.0",30.6,45
"2016-07-03 15:50:00.0",31.5,50
"2016-07-03 15:55:00.0",29.9,47
"2016-07-03 16:00:00.0",31.6,53
"2016-07-03 16:05:00.0",29,49
"2016-07-03 16:10:00.0",28.8,46
"2016-07-03 16:15:00.0",28.5,52
"2016-07-03 16:20:00.0",31.3,52
"2016-07-03 16:25:00.0",31.6,54
"2016-07-03 16:30:00.0",28.6,47
"2016-07-03 16:35:00.0",31.2,51
"2016-07-03 16:40:00.0",29.7,46
"2016-07-03 16:45:00.0",30,46
"2016-07-03 16:50:00.0",30.2,46
"2016-07-03 16:55:00.0",28.8,47
"2016-07-03 17:00:00.0",31.7,49
"2016-07-03 17:05:00.0",29.8,52
"2016-07-03 17:10:00.0",31.2,48
"2016-07-03 17:15:00.0",28.9,46
"2016-07-03 17:20:00.0",31.8,45
"2016-07-03 17:25:00.0",29.3,48
"2016-07-03 17:30:00.0",31.9,54
"2016-07-03 17:35:00.0",31.4,51
"2016-07-03 17:40:00.0",30.1,55
"2016-07-03 17:45:00.0",29,48
"2016-07-03 17:50:00.0",30.6,46
"2016-07-03 17:55:00.0",31,53
"2016-07-03 18:00:00.0",29.3,45
"2016-07-03 18:05:00.0",29.2,48
"2016-07-03 18:10:00.0",29.9,51
"2016-07-03 18:15:00.0",28.2,47
"2016-07-03 18:20:00.0",31.6,47
"2016-07-03 18:25:00.0",31.2,47
"2016-07-03 18:30:00.0",29.1,50
"2016-07-03 18:35:00.0",29.4,50
"2016-07-03 18:40:00.0",30.2,46
"2016-07-03 18:45:00.0",30.8,53
"2016-07-03 18:50:00.0",31.5,52
"2016-07-03 18:55:00.0",30.9,51
"2016-07-03 19:00:00.0",29.6,50
"2016-07-03 19:05:00.0",31.8,47
"2016-07-03 19:10:00.0",30.4,51
"2016-07-03 19:15:00.0",28.6,52
"2016-07-03 19:20:00.0",30,50
"2016-07-03 19:25:00.0",29.7,45
"2016-07-03 19:30:00.0",32,55
"2016-07-03 19:35:00.0",31.1,52
"2016-07-03 19:40:00.0",29.9,49
"2016-07-03 19:45:00.0",30.6,47
"2016-07-03 19:50:00.0",32.2,46
"2016-07-03 19:55:00.0",29.2,54
"2016-07-03 20:00:00.0",29.5,45
"2016-07-03 20:05:00.0",30.5,49
"2016-07-03 20:10:00.0",28.7,53
"2016-07-03 20:15:00.0",28.9,52
"2016-07-03 20:20:00.0",31,45
"2016-07-03 20:25:00.0",32,49
"2016-07-03 20:30:00.0",30.3,52
"2016-07-03 20:35:00.0",31.1,50
"2016-07-03 20:40:00.0",28.9,53
"2016-07-03 20:45:00.0",29.6,52
"2016-07-03 20:50:00.0",31.3,46
"2016-07-03 20:55:00.0",30.9,50
"2016-07-03 21:00:00.0",29.9,47
"2016-07-03 21:05:00.0",30.2,45
"2016-07-03 21:10:00.0",31.4,48
"2016-07-03 21:15:00.0",28.8,49
"2016-07-03 21:20:00.0",30.9,52
"2016-07-03 21:25:00.0",31.1,54
"2016-07-03 21:30:00.0",30.8,49
"2016-07-03 21:35:00.0",32.1,53
"2016-07-03 21:40:00.0",30.4,52
"2016-07-03 21:45:00.0",31.2,51
"2016-07-03 21:50:00.0",32.1,47
"2016-07-03 21:55:00.0",31,53
"2016-07-03 22:00:00.0",30.4,51
"2016-07-03 22:05:00.0",29.7,53
"2016-07-03 22:10:00.0",28.5,45
"2016-07-03 22:15:00.0",28.5,48
"2016-07-03 22:20:00.0",31.2,52
"2016-07-03 22:25:00.0",29.5,47
"2016-07-03 22:30:00.0",29.3,54
"2016-07-03 22:35:00.0",28.8,47
"2016-07-03 22:40:00.0",31.5,49
"2016-07-03 22:45:00.0",32.2,52
"2016-07-03 22:50:00.0",31.6,52
"2016-07-03 22:55:00.0",31.6,45
"2016-07-03 23:00:00.0",29.1,49
"2016-07-03 23:05:00.0",31,50
"2016-07-03 23:10:00.0",29.8,52
"2016-07-03 23:15:00.0",28.3,49
"2016-07-03 23:20:00.0",29.5,50
"2016-07-03 23:25:00.0",29.7,52
"2016-07-03 23:30:00.0",30.5,54
"2016-07-03 23:35:00.0",31.6,47
"2016-07-03 23:40:00.0",25.8,89
"2016-07-03 23:45:00.0",23.3,87
"2016-07-03 23:50:00.0",26.1,90
"2016-07-03 23:55:00.0",25.8,90
